nicho,marca,dominio,cor_hex,logo_url
Bancos,Itaú,itau.com.br,#FF6200,https://cdn.brandfetch.io/idAciuyyPp/w/600/h/600/theme/light/logo.webp?c=1bxbdkk0grqdtecj6k9bcv99sx3SiCMmYS5
Bancos,BRADESCO,bradesco.com.br,#ee032c,https://cdn.brandfetch.io/idJ-h_LNzX/w/820/h/683/theme/dark/logo.png?c=1bxbdkk0grqdtecj6k9bcv99sx3SiCMmYS5
Bancos,Santander Brasil,santander.com.br,#ea1d25,https://cdn.brandfetch.io/idex3vA3bq/w/400/h/400/theme/dark/icon.jpeg?c=1bxbdkk0grqdtecj6k9bcv99sx3SiCMmYS5
Bancos,Banco do Brasil,bb.com.br,#FCFC30,https://cdn.brandfetch.io/id07U7q9Is/theme/dark/logo.svg?c=1bxbdkk0grqdtecj6k9bcv99sx3SiCMmYS5
Bancos,Caixa Econômica Federal,caixa.gov.br,#F59700,https://cdn.brandfetch.io/id6KaoEBTQ/theme/light/logo.svg?c=1bxbdkk0grqdtecj6k9bcv99sx3SiCMmYS5
Bancos,Nubank,nubank.com.br,#8a05be,https://cdn.brandfetch.io/idXWQ2eElW/w/1079/h/1079/theme/dark/icon.png?c=1bxbdkk0grqdtecj6k9bcv99sx3SiCMmYS5
Bancos,Inter,inter.co,#FF6E07,https://cdn.brandfetch.io/id-5KRuqcJ/theme/light/logo.svg?c=1bxbdkk0grqdtecj6k9bcv99sx3SiCMmYS5
Bancos,C6 Bank,c6bank.com.br,#FFE45C,https://cdn.brandfetch.io/id9QKeTheX/w/400/h/400/theme/dark/icon.png?c=1bxbdkk0grqdtecj6k9bcv99sx3SiCMmYS5
Bancos,BTG Pactual,btgpactual.com,#195AB4,https://cdn.brandfetch.io/id2okqRkOi/theme/light/logo.svg?c=1bxbdkk0grqdtecj6k9bcv99sx3SiCMmYS5
Bancos,XP Investimentos,xpi.com.br,#ffc60a,https://cdn.brandfetch.io/idHyUc0-yu/theme/dark/logo.svg?c=1bxbdkk0grqdtecj6k9bcv99sx3SiCMmYS5
Bancos,Banco Safra,safra.com.br,#1e2044,https://cdn.brandfetch.io/idajhmk3dJ/theme/light/logo.svg?c=1bxbdkk0grqdtecj6k9bcv99sx3SiCMmYS5
Bancos,Banrisul,banrisul.com.br,#000000,https://cdn.brandfetch.io/idQT_j1bWz/w/187/h/32/theme/dark/logo.png?c=1bxbdkk0grqdtecj6k9bcv99sx3SiCMmYS5
Bancos,Banco PAN,bancopan.com.br,#07B2FD,https://cdn.brandfetch.io/idbyouRHyl/w/400/h/400/theme/dark/icon.jpeg?c=1bxbdkk0grqdtecj6k9bcv99sx3SiCMmYS5
Bancos,Banco Bmg,bancobmg.com.br,#f16321,https://cdn.brandfetch.io/idlvrasljo/w/400/h/400/theme/dark/icon.jpeg?c=1bxbdkk0grqdtecj6k9bcv99sx3SiCMmYS5
Bancos,Sicredi,sicredi.com.br,#64c832,https://cdn.brandfetch.io/id_5MooiHm/w/400/h/400/theme/dark/icon.jpeg?c=1bxbdkk0grqdtecj6k9bcv99sx3SiCMmYS5
Bancos,Sicoob,sicoob.com.br,#00ae9d,https://cdn.brandfetch.io/iduiamk5dj/w/484/h/109/theme/light/logo.png?c=1bxbdkk0grqdtecj6k9bcv99sx3SiCMmYS5
Bancos,Nomad,nomadglobal.com,#ffce00,https://cdn.brandfetch.io/id1GMDX8pf/w/820/h/197/theme/dark/logo.png?c=1bxbdkk0grqdtecj6k9bcv99sx3SiCMmYS5
Bancos,Wise,wise.com,#9FE870,https://cdn.brandfetch.io/idk6fxo1w1/theme/light/logo.svg?c=1bxbdkk0grqdtecj6k9bcv99sx3SiCMmYS5
Bancos,Revolut,revolut.com,#4F55F1,https://cdn.brandfetch.io/idkTaHd18D/theme/light/logo.svg?c=1bxbdkk0grqdtecj6k9bcv99sx3SiCMmYS5
Bancos,Avenue,avenue.us,#4AE077,https://cdn.brandfetch.io/idPJs83kuJ/w/400/h/400/theme/dark/icon.jpeg?c=1bxbdkk0grqdtecj6k9bcv99sx3SiCMmYS5
Bancos,Banco BRB,brb.com.br,#0099e5,https://cdn.brandfetch.io/idhSkOUTYi/w/1080/h/1080/theme/dark/icon.jpeg?c=1bxbdkk0grqdtecj6k9bcv99sx3SiCMmYS5
Bancos,Banco BS2,bancobs2.com.br,#1226aa,https://cdn.brandfetch.io/idbfCY3Bfy/w/145/h/145/theme/dark/logo.png?c=1bxbdkk0grqdtecj6k9bcv99sx3SiCMmYS5
Bancos,Daycoval,daycoval.com.br,#616161,https://cdn.brandfetch.io/id3FG4siM6/w/220/h/34/theme/dark/logo.png?c=1bxbdkk0grqdtecj6k9bcv99sx3SiCMmYS5
Bancos,banco BV,bancobv.com.br,#31c7ed,https://cdn.brandfetch.io/idUQbw8g7n/w/820/h/570/theme/light/logo.png?c=1bxbdkk0grqdtecj6k9bcv99sx3SiCMmYS5
Companhia Aérea,LATAM Airlines,latamairlines.com,#7000ac,https://cdn.brandfetch.io/idp4gQtSYD/theme/light/logo.svg?c=1bxbdkk0grqdtecj6k9bcv99sx3SiCMmYS5
Companhia Aérea,GOL,voegol.com.br,#ff7020,https://cdn.brandfetch.io/id1XOAor3l/w/400/h/400/theme/dark/icon.jpeg?c=1bxbdkk0grqdtecj6k9bcv99sx3SiCMmYS5
Companhia Aérea,Azul Airlines,voeazul.com.br,#5061aa,https://cdn.brandfetch.io/idY8UKgMnI/w/389/h/389/theme/dark/icon.jpeg?c=1bxbdkk0grqdtecj6k9bcv99sx3SiCMmYS5
Companhia Aérea,TAP Air Portugal,flytap.com,#eb2d2e,https://cdn.brandfetch.io/idYGJZtC7P/w/400/h/400/theme/dark/icon.jpeg?c=1bxbdkk0grqdtecj6k9bcv99sx3SiCMmYS5
Companhia Aérea,Delta,delta.com,#E51937,https://cdn.brandfetch.io/id4r1wQjXX/theme/light/logo.svg?c=1bxbdkk0grqdtecj6k9bcv99sx3SiCMmYS5
Companhia Aérea,United Airlines,united.com,#1414D2,https://cdn.brandfetch.io/idmlRiz-2q/theme/light/logo.svg?c=1bxbdkk0grqdtecj6k9bcv99sx3SiCMmYS5
Companhia Aérea,Emirates,emirates.com,#c60c30,https://cdn.brandfetch.io/idItGcrKZZ/w/400/h/400/theme/dark/icon.jpeg?c=1bxbdkk0grqdtecj6k9bcv99sx3SiCMmYS5
Companhia Aérea,Qatar Airways,qatarairways.com,#8E2157,https://cdn.brandfetch.io/idZKewuK9S/theme/light/logo.svg?c=1bxbdkk0grqdtecj6k9bcv99sx3SiCMmYS5
Companhia Aérea,Lufthansa,lufthansa.com,#05164D,https://cdn.brandfetch.io/id1SLeDvgF/theme/light/logo.svg?c=1bxbdkk0grqdtecj6k9bcv99sx3SiCMmYS5
Companhia Aérea,British Airways,britishairways.com,#2f5e9e,https://cdn.brandfetch.io/iddDlYtNsj/theme/dark/logo.svg?c=1bxbdkk0grqdtecj6k9bcv99sx3SiCMmYS5
Companhia Aérea,Iberia,iberia.com,#d7192d,https://cdn.brandfetch.io/id7Ift3wzp/w/400/h/400/theme/dark/icon.jpeg?c=1bxbdkk0grqdtecj6k9bcv99sx3SiCMmYS5
Companhia Aérea,Copa Airlines,copaair.com,#0032A0,https://cdn.brandfetch.io/id7Krz3SDX/w/331/h/331/theme/dark/icon.jpeg?c=1bxbdkk0grqdtecj6k9bcv99sx3SiCMmYS5
Companhia Aérea,Turkish Airlines,turkishairlines.com,#c70a0c,https://cdn.brandfetch.io/idCFjGn-G9/theme/dark/logo.svg?c=1bxbdkk0grqdtecj6k9bcv99sx3SiCMmYS5
Companhia Aérea,KLM,klm.com.br,#0095db,https://cdn.brandfetch.io/id6HKDgYDF/w/820/h/547/theme/dark/logo.png?c=1bxbdkk0grqdtecj6k9bcv99sx3SiCMmYS5
Companhia Aérea,Alitalia,alitalia.com,#000000,https://cdn.brandfetch.io/id2p16PdR-/theme/dark/logo.svg?c=1bxbdkk0grqdtecj6k9bcv99sx3SiCMmYS5
Companhia Aérea,Aerolineas Argentinas,aerolineas.com.ar,#f6bb60,https://cdn.brandfetch.io/idh0TdD3uK/w/200/h/200/theme/dark/icon.png?c=1bxbdkk0grqdtecj6k9bcv99sx3SiCMmYS5
Companhia Aérea,Avianca,avianca.com,#000000,https://cdn.brandfetch.io/idgYzF_oJj/w/960/h/960/theme/dark/icon.jpeg?c=1bxbdkk0grqdtecj6k9bcv99sx3SiCMmYS5
Companhia Aérea,Swiss International Airlines,swiss.com,#e60005,https://cdn.brandfetch.io/id6R-aT8nX/theme/dark/logo.svg?c=1bxbdkk0grqdtecj6k9bcv99sx3SiCMmYS5
Cartões,Visa,visa.com.br,#313131,
Cartões,Mastercard News,mastercard.com.br,#f79e1b,https://cdn.brandfetch.io/idy21VLzkM/w/180/h/180/theme/dark/logo.png?c=1bxbdkk0grqdtecj6k9bcv99sx3SiCMmYS5
Cartões,Elo,elo.com.br,#003933,https://cdn.brandfetch.io/idT3-XCDJD/theme/light/logo.svg?c=1bxbdkk0grqdtecj6k9bcv99sx3SiCMmYS5
Cartões,American Express,americanexpress.com.br,#006fcf,https://cdn.brandfetch.io/idgUmCD6wN/w/820/h/820/theme/dark/logo.png?c=1bxbdkk0grqdtecj6k9bcv99sx3SiCMmYS5
Cartões,Diners Club,dinersclub.com,#0079be,https://cdn.brandfetch.io/idRpEvl4_u/w/400/h/400/theme/dark/icon.jpeg?c=1bxbdkk0grqdtecj6k9bcv99sx3SiCMmYS5
Cartões,Hipercard,hipercard.com.br,#b21f2d,https://cdn.brandfetch.io/idrs9PomAi/w/256/h/112/theme/dark/logo.png?c=1bxbdkk0grqdtecj6k9bcv99sx3SiCMmYS5
Programas de Pontos/Milhas,LIVELO,livelo.com.br,#df0978,https://cdn.brandfetch.io/idcBSnzgu0/w/180/h/180/theme/dark/logo.png?c=1bxbdkk0grqdtecj6k9bcv99sx3SiCMmYS5
Programas de Pontos/Milhas,Smiles,smiles.com.br,#eb7f02,https://cdn.brandfetch.io/idGtn14sSi/w/400/h/400/theme/dark/icon.jpeg?c=1bxbdkk0grqdtecj6k9bcv99sx3SiCMmYS5
Programas de Pontos/Milhas,,latampass.com,#060000,
Programas de Pontos/Milhas,Esfera,esfera.com.vc,#2e30ad,https://cdn.brandfetch.io/idw4hqM92g/w/256/h/55/theme/dark/logo.png?c=1bxbdkk0grqdtecj6k9bcv99sx3SiCMmYS5
Programas de Pontos/Milhas,Dotz,dotz.com.br,#fd7e14,https://cdn.brandfetch.io/idxu_hsnK3/w/240/h/125/theme/dark/logo.png?c=1bxbdkk0grqdtecj6k9bcv99sx3SiCMmYS5
Programas de Pontos/Milhas,,iupp.com.br,#000000,
Programas de Pontos/Milhas,,pao-de-acucar.com,#000000,
Programas de Pontos/Milhas,,stix.com.br,#ffffff,
Programas de Pontos/Milhas,,abasteceai.com.br,#ffd41c,https://cdn.brandfetch.io/idc4D1GHsi/theme/dark/logo.svg?c=1bxbdkk0grqdtecj6k9bcv99sx3SiCMmYS5
Programas de Pontos/Milhas,Premmia,premmia.com.br,#31db4e,https://cdn.brandfetch.io/id0LIQIb4i/w/820/h/323/theme/light/logo.png?c=1bxbdkk0grqdtecj6k9bcv99sx3SiCMmYS5
Programas de Pontos/Milhas,Shellbox,shellbox.com.br,#02cea9,
Varejo,Amazon,amazon.com.br,#FF6200,https://cdn.brandfetch.io/idGy7ccMj0/w/322/h/96/theme/light/logo.png?c=1bxbdkk0grqdtecj6k9bcv99sx3SiCMmYS5
Varejo,#MercadoLivreBBB26,mercadolivre.com.br,#ffe600,https://cdn.brandfetch.io/id0m1a9oJ8/w/400/h/400/theme/dark/icon.jpeg?c=1bxbdkk0grqdtecj6k9bcv99sx3SiCMmYS5
Varejo,Shopee Brasil,shopee.com.br,#ee4d2d,https://cdn.brandfetch.io/idubNy-9U5/theme/light/logo.svg?c=1bxbdkk0grqdtecj6k9bcv99sx3SiCMmYS5
Varejo,Lu do Magalu,magazineluiza.com.br,#164ab4,https://cdn.brandfetch.io/idSdnzDAdG/w/400/h/400/theme/dark/icon.jpeg?c=1bxbdkk0grqdtecj6k9bcv99sx3SiCMmYS5
Varejo,Casas Bahia,casasbahia.com.br,#0033C6,https://cdn.brandfetch.io/id2j9M6Qmh/theme/dark/logo.svg?c=1bxbdkk0grqdtecj6k9bcv99sx3SiCMmYS5
Varejo,Americanas,americanas.com.br,#f80032,https://cdn.brandfetch.io/ideQRJIMW8/w/303/h/166/theme/dark/logo.png?c=1bxbdkk0grqdtecj6k9bcv99sx3SiCMmYS5
Varejo,,submarino.com.br,#ed0030,
Varejo,AliExpress,aliexpress.com,#FD384F,https://cdn.brandfetch.io/idonPjBUnw/w/400/h/400/theme/dark/icon.jpeg?c=1bxbdkk0grqdtecj6k9bcv99sx3SiCMmYS5
Varejo,SHEIN,shein.com,#d50002,https://cdn.brandfetch.io/id0A26Xdv8/w/820/h/170/theme/dark/logo.png?c=1bxbdkk0grqdtecj6k9bcv99sx3SiCMmYS5
Varejo,Carrefour,carrefour.com.br,#1852cc,https://cdn.brandfetch.io/idX5uqiLZV/w/4096/h/798/theme/dark/logo.png?c=1bxbdkk0grqdtecj6k9bcv99sx3SiCMmYS5
Varejo,Extra,extra.com.br,#d6232e,https://cdn.brandfetch.io/idAakz5QGa/w/820/h/530/theme/dark/logo.png?c=1bxbdkk0grqdtecj6k9bcv99sx3SiCMmYS5
Varejo,Netshoes,netshoes.com.br,#8200ff,https://cdn.brandfetch.io/idDvJYmVFB/w/400/h/400/theme/dark/icon.png?c=1bxbdkk0grqdtecj6k9bcv99sx3SiCMmYS5
Varejo,Centauro,centauro.com.br,#060000,
Varejo,Dafiti,dafiti.com.br,#87cfdb,https://cdn.brandfetch.io/id2r6_nRBG/w/1000/h/1000/theme/dark/icon.jpeg?c=1bxbdkk0grqdtecj6k9bcv99sx3SiCMmYS5
Varejo,Zattini,zattini.com.br,#000000,https://cdn.brandfetch.io/idLi56T0pw/w/400/h/400/theme/dark/icon.png?c=1bxbdkk0grqdtecj6k9bcv99sx3SiCMmYS5
Varejo,Leroy Merlin,leroymerlin.com.br,#41a017,https://cdn.brandfetch.io/idSLRGKvqK/w/820/h/545/theme/dark/logo.png?c=1bxbdkk0grqdtecj6k9bcv99sx3SiCMmYS5
Varejo,Fast Shop,fastshop.com.br,#BC8F2E,https://cdn.brandfetch.io/idSo05iv0c/theme/light/logo.svg?c=1bxbdkk0grqdtecj6k9bcv99sx3SiCMmYS5
Varejo,Havan,havan.com.br,#0b3bdd,https://cdn.brandfetch.io/idd8l5CMZJ/w/400/h/400/theme/dark/icon.jpeg?c=1bxbdkk0grqdtecj6k9bcv99sx3SiCMmYS5
Varejo,Grupo Pernambucanas,pernambucanas.com.br,#f7dc16,https://cdn.brandfetch.io/idDIB_F7S5/w/820/h/246/theme/dark/logo.png?c=1bxbdkk0grqdtecj6k9bcv99sx3SiCMmYS5
Varejo,Riachuelo,riachuelo.com.br,#D7D0BB,https://cdn.brandfetch.io/id6i_4YrqK/theme/dark/logo.svg?c=1bxbdkk0grqdtecj6k9bcv99sx3SiCMmYS5
Varejo,C&A Brasil,cea.com.br,#4600fa,https://cdn.brandfetch.io/idy7R4VcgQ/w/96/h/96/theme/dark/logo.png?c=1bxbdkk0grqdtecj6k9bcv99sx3SiCMmYS5
Varejo,Renner,renner.com.br,#d20f1c,https://cdn.brandfetch.io/idXGFf-li8/w/300/h/300/theme/dark/logo.png?c=1bxbdkk0grqdtecj6k9bcv99sx3SiCMmYS5
Varejo,Lojas Marisa,marisa.com.br,#ec008c,https://cdn.brandfetch.io/idzKZWed3J/w/400/h/400/theme/dark/icon.jpeg?c=1bxbdkk0grqdtecj6k9bcv99sx3SiCMmYS5
Varejo,Arezzo&CO,arezzo.com.br,#c27e3f,https://cdn.brandfetch.io/idd1cXXk3a/w/820/h/158/theme/dark/logo.png?c=1bxbdkk0grqdtecj6k9bcv99sx3SiCMmYS5
Programas de Hotéis,Accor,all.accor.com,#B88D5B,https://cdn.brandfetch.io/ido2CWqEYs/w/1980/h/521/theme/light/logo.png?c=1bxbdkk0grqdtecj6k9bcv99sx3SiCMmYS5
Programas de Hotéis,Hilton,hilton.com,#0E468B,https://cdn.brandfetch.io/idkSlTwkvs/theme/light/logo.svg?c=1bxbdkk0grqdtecj6k9bcv99sx3SiCMmYS5
Programas de Hotéis,Marriott Bonvoy,marriott.com,#FF9962,https://cdn.brandfetch.io/id0DQ-cAhI/w/360/h/360/theme/dark/icon.png?c=1bxbdkk0grqdtecj6k9bcv99sx3SiCMmYS5
Programas de Hotéis,InterContinental Hotels Group,ihg.com,#1F4456,https://cdn.brandfetch.io/idtjTPYnTs/theme/dark/symbol.svg?c=1bxbdkk0grqdtecj6k9bcv99sx3SiCMmYS5
Programas de Hotéis,Hyatt,hyatt.com,#FFB612,https://cdn.brandfetch.io/idW8vrk2w-/w/400/h/400/theme/dark/icon.jpeg?c=1bxbdkk0grqdtecj6k9bcv99sx3SiCMmYS5
Programas de Hotéis,Days Inn by Wyndham,wyndhamhotels.com,#ffff00,https://cdn.brandfetch.io/idvuHPq96t/theme/dark/logo.svg?c=1bxbdkk0grqdtecj6k9bcv99sx3SiCMmYS5
Programas de Hotéis,,radissonhotels.com,#000000,https://cdn.brandfetch.io/idOZisVBpI/theme/light/logo.svg?c=1bxbdkk0grqdtecj6k9bcv99sx3SiCMmYS5
Programas de Hotéis,Choice Hotels,choicehotels.com,#E26811,https://cdn.brandfetch.io/idU0VHwqnB/theme/light/logo.svg?c=1bxbdkk0grqdtecj6k9bcv99sx3SiCMmYS5
Viagens,Booking.com,booking.com,#0071C2,https://cdn.brandfetch.io/id9mEmLNcV/theme/light/logo.svg?c=1bxbdkk0grqdtecj6k9bcv99sx3SiCMmYS5
Viagens,,hurb.com,#223e7d,https://cdn.brandfetch.io/idmGjq_7lI/w/800/h/600/theme/dark/logo.png?c=1bxbdkk0grqdtecj6k9bcv99sx3SiCMmYS5
Viagens,Decolar ft. Shakira 🇧🇷,decolar.com,#550fed,https://cdn.brandfetch.io/ids1XUQPdz/w/820/h/177/theme/dark/logo.png?c=1bxbdkk0grqdtecj6k9bcv99sx3SiCMmYS5
Viagens,CVC Viagens,cvc.com.br,#53606b,https://cdn.brandfetch.io/id1AeUCKN-/w/1536/h/766/theme/dark/logo.png?c=1bxbdkk0grqdtecj6k9bcv99sx3SiCMmYS5
Viagens,123Milhas,123milhas.com,#5ea4de,https://cdn.brandfetch.io/id_Pb76S-l/w/400/h/400/theme/dark/icon.jpeg?c=1bxbdkk0grqdtecj6k9bcv99sx3SiCMmYS5
Viagens,Maxmilhas,maxmilhas.com.br,#050c16,https://cdn.brandfetch.io/idVpvUW8tj/w/400/h/400/theme/dark/icon.jpeg?c=1bxbdkk0grqdtecj6k9bcv99sx3SiCMmYS5
Viagens,Trivago,trivago.com.br,#007CC2,https://cdn.brandfetch.io/idJz0pR4Gq/theme/light/logo.svg?c=1bxbdkk0grqdtecj6k9bcv99sx3SiCMmYS5
Viagens,Expedia,expedia.com.br,#fddb32,https://cdn.brandfetch.io/idrxc3qldQ/w/820/h/182/theme/dark/logo.png?c=1bxbdkk0grqdtecj6k9bcv99sx3SiCMmYS5
Viagens,Airbnb Brasil,airbnb.com.br,#ff385c,https://cdn.brandfetch.io/idqFsjQshX/w/76/h/76/theme/dark/logo.png?c=1bxbdkk0grqdtecj6k9bcv99sx3SiCMmYS5
Tecnologia,Apple,apple.com,#0066CC,https://cdn.brandfetch.io/idnrCPuv87/theme/light/logo.svg?c=1bxbdkk0grqdtecj6k9bcv99sx3SiCMmYS5
Tecnologia,Google,google.com,#4285F4,https://cdn.brandfetch.io/id6O2oGzv-/theme/light/logo.svg?c=1bxbdkk0grqdtecj6k9bcv99sx3SiCMmYS5
